id,name
1d4d4552-ab8f-4f1f-9e2a-4681680ca4c8,Aaron Gardner
1d4d4552-ab8f-4f1f-9e2a-4681680ca4c8_test_0,Aaron Gardner
1d4d4552-ab8f-4f1f-9e2a-4681680ca4c8_test_1,Aaron Gardner
1d4d4552-ab8f-4f1f-9e2a-4681680ca4c8_test_2,Aaron Gardner
1d4d4552-ab8f-4f1f-9e2a-4681680ca4c8_test_2,Aaron Gardner
1d4d4552-ab8f-4f1f-9e2a-4681680ca4c8_test_3,Aaron Gardner
1d4d4552-ab8f-4f1f-9e2a-4681680ca4c8_test_3,Aaron Gardner
1d4d4552-ab8f-4f1f-9e2a-4681680ca4c8_test_3,Aaron Gardner
bfadf2de-523b-46b8-b117-9c778aa962d0,Rebecca Rich
ac266a07-073d-4850-89e5-374ca11dffc8,Martin Cook
42f065b7-2fdc-4c1c-8f0d-b8018f3885ed,Melissa Miller
